Question,Answer
"Where Is BPP University Located?","BPP University is located in London."
"How Many Intakes Does BPP University Have?","BPP University offers multiple intakes throughout the year."
"What Degrees Does BPP University Offer?","BPP offers programs in Management, Business, Healthcare & Leadership, and Law."
"What Is The Total Fee For BPP University?","The total fee varies by course, approximately up to £17,100."
"What Is The Initial Deposit Requirement?","The initial deposit is up to £5,900, depending on the intake."
"How Much Scholarship Does BPP University Offer?","BPP grants scholarships up to £4,400 for eligible students."
"Can I Get Admission To BPP Without An English Test?","Yes, BPP accepts MOI (Medium of Instruction) from 9 Pakistani universities."
"Which Pakistani Universities Are MOI Approved By BPP?","BPP recognizes the following universities for MOI: Bahauddin Zakariya University, Government College University, Iqra University, University of Agriculture Faisalabad, University of Central Punjab, University of Gujrat, University of Sargodha, University of the Punjab, University of Lahore"
"Which English Proficiency Tests Does BPP Accept?","BPP accepts IELTS, PTE (Academic), TOEFL, Language Cert (SELT-B2), and OIDI."
"What Is The Duration Of Courses At BPP?","Course durations vary, with some programs lasting 1 year and others up to 18 months."